{"cameraMode":{"drawMode":0,"name":"Shaded","section":"Shading Mode"},"sceneLighting":false,"audioPlay":false,"sceneViewState":{"showFog":true,"showMaterialUpdate":true,"showSkybox":false,"showFlares":true,"showImageEffects":true,"showParticleSystems":true},"in2DMode":false,"pivot":{"x":-0.35359859466552737,"y":0.7141122221946716,"z":0.000484466552734375},"rotation":{"x":-0.16635513305664063,"y":0.3853539526462555,"z":-0.07084333896636963,"w":-0.9048917293548584},"size":5.547605514526367,"orthographic":false}