{"cameraMode":{"drawMode":0,"name":"Shaded","section":"Shading Mode"},"sceneLighting":false,"audioPlay":false,"sceneViewState":{"showFog":true,"showMaterialUpdate":true,"showSkybox":false,"showFlares":true,"showImageEffects":true,"showParticleSystems":true},"in2DMode":false,"pivot":{"x":-0.018642425537109376,"y":4.947647571563721,"z":-2.0489096641540528e-7},"rotation":{"x":-0.2389792948961258,"y":0.0617048405110836,"z":-0.015216519124805928,"w":-0.9689560532569885},"size":16.29250144958496,"orthographic":false}