{"cameraMode":{"drawMode":0,"name":"Shaded","section":"Shading Mode"},"sceneLighting":false,"audioPlay":false,"sceneViewState":{"showFog":true,"showMaterialUpdate":true,"showSkybox":false,"showFlares":true,"showImageEffects":true,"showParticleSystems":true},"in2DMode":false,"pivot":{"x":-0.000004291534423828125,"y":1.999999761581421,"z":0.000009059906005859375},"rotation":{"x":0.3920634388923645,"y":0.06578534096479416,"z":-0.02587105892598629,"w":0.9179632067680359},"size":8.727031707763672,"orthographic":false}