{"cameraMode":{"drawMode":0,"name":"Shaded","section":"Shading Mode"},"sceneLighting":false,"audioPlay":false,"sceneViewState":{"showFog":true,"showMaterialUpdate":true,"showSkybox":false,"showFlares":true,"showImageEffects":true,"showParticleSystems":true},"in2DMode":false,"pivot":{"x":-28.05738067626953,"y":7.210068702697754,"z":0.6369923949241638},"rotation":{"x":-0.03476301580667496,"y":-0.27002933621406557,"z":-0.009334980510175228,"w":0.9621796011924744},"size":0.3247082829475403,"orthographic":false}