{"cameraMode":{"drawMode":0,"name":"Shaded","section":"Shading Mode"},"sceneLighting":false,"audioPlay":false,"sceneViewState":{"showFog":true,"showMaterialUpdate":true,"showSkybox":false,"showFlares":true,"showImageEffects":true,"showParticleSystems":true},"in2DMode":false,"pivot":{"x":-30.968177795410158,"y":7.221557140350342,"z":0.6354113817214966},"rotation":{"x":-0.03476301580667496,"y":-0.27002933621406557,"z":-0.009334980510175228,"w":0.9621796011924744},"size":0.31900981068611147,"orthographic":false}