{"cameraMode":{"drawMode":0,"name":"Shaded","section":"Shading Mode"},"sceneLighting":false,"audioPlay":false,"sceneViewState":{"showFog":true,"showMaterialUpdate":true,"showSkybox":false,"showFlares":true,"showImageEffects":true,"showParticleSystems":true},"in2DMode":false,"pivot":{"x":-29.9484806060791,"y":7.261213779449463,"z":0.6330757141113281},"rotation":{"x":0.10468503832817078,"y":-0.47863125801086428,"z":0.05807472765445709,"w":0.869835376739502},"size":0.36299392580986025,"orthographic":false}