{"cameraMode":{"drawMode":0,"name":"Shaded","section":"Shading Mode"},"sceneLighting":true,"audioPlay":false,"sceneViewState":{"showFog":true,"showMaterialUpdate":true,"showSkybox":true,"showFlares":true,"showImageEffects":true,"showParticleSystems":true},"in2DMode":false,"pivot":{"x":-146.61471557617188,"y":34.451560974121097,"z":75.8584976196289},"rotation":{"x":-0.0805329829454422,"y":0.4941085875034332,"z":-0.05245772376656532,"w":-0.8651552796363831},"size":100.61402893066406,"orthographic":false}